Based,"Enayetpur.html,Gabrias.html"
help,"Enayetpur.html,Gabrias.html"
just,"Enayetpur.html"
text,"Enayetpur.html,Gabrias.html"
Coordinates,"Gabrias.html"
produced,"Enayetpur.html"
sources,"Enayetpur.html"
geography,"Gabrias.html"
adding,"Enayetpur.html"
Recently,"Enayetpur.html"
also,"Enayetpur.html"
Navigation,"Enayetpur.html,Gabrias.html"
7EMonobook,"Enayetpur.html,Gabrias.html"
YUNUS,"Enayetpur.html"
Here,"Enayetpur.html"
thana,"Enayetpur.html"
to,"Enayetpur.html,Gabrias.html"
window,"Enayetpur.html,Gabrias.html"
Alaibot,"Gabrias.html"
Nederlands,"Gabrias.html"
rich,"Enayetpur.html"
under,"Enayetpur.html,Gabrias.html"
SieBot,"Gabrias.html"
main,"Enayetpur.html,Gabrias.html"
geographical,"Gabrias.html"
lacking,"Enayetpur.html"
Khukni,"Enayetpur.html"
LordAnubisBOT,"Gabrias.html"
material,"Enayetpur.html"
deductible,"Enayetpur.html,Gabrias.html"
famous,"Enayetpur.html"
loom,"Enayetpur.html"
not,"Enayetpur.html"
Anomebot2,"Gabrias.html"
Unverifiable,"Enayetpur.html"
stubs,"Gabrias.html"
gen,"Enayetpur.html,Gabrias.html"
categories,"Enayetpur.html"
articles,"Enayetpur.html"
Help,"Enayetpur.html,Gabrias.html"
55,"Gabrias.html"
Sufi,"Enayetpur.html"
France,"Gabrias.html"
MEDICAL,"Enayetpur.html"
KHAJA,"Enayetpur.html"
COLLEGE,"Enayetpur.html"
Polski,"Gabrias.html"
Gopalpur,"Enayetpur.html"
river,"Enayetpur.html"
page,"Enayetpur.html,Gabrias.html"
From,"Enayetpur.html,Gabrias.html"
challenged,"Enayetpur.html"
Wikipedia,"Enayetpur.html,Gabrias.html"
related,"Enayetpur.html"
skins,"Enayetpur.html,Gabrias.html"
MediaWiki,"Enayetpur.html,Gabrias.html"
Copyrights,"Enayetpur.html,Gabrias.html"
are,"Enayetpur.html"
Lungis,"Enayetpur.html"
Sirajgonj,"Enayetpur.html"
for,"Enayetpur.html,Gabrias.html"
Enayetpuri,"Enayetpur.html"
nonprofit,"Enayetpur.html,Gabrias.html"
Disclaimers,"Enayetpur.html,Gabrias.html"
See,"Enayetpur.html,Gabrias.html"
content,"Enayetpur.html,Gabrias.html"
CmdrObot,"Enayetpur.html"
3,"Enayetpur.html,Gabrias.html"
does,"Enayetpur.html"
health,"Enayetpur.html"
import,"Enayetpur.html,Gabrias.html"
offline,"Enayetpur.html,Gabrias.html"
Categories,"Gabrias.html"
available,"Enayetpur.html,Gabrias.html"
be,"Enayetpur.html"
Interaction,"Enayetpur.html,Gabrias.html"
terms,"Enayetpur.html,Gabrias.html"
Foundation,"Enayetpur.html,Gabrias.html"
This,"Enayetpur.html,Gabrias.html"
Documentation,"Enayetpur.html,Gabrias.html"
free,"Enayetpur.html,Gabrias.html"
Enayetpur,"Enayetpur.html"
501,"Enayetpur.html,Gabrias.html"
S,"Enayetpur.html,Gabrias.html"
Contact,"Enayetpur.html,Gabrias.html"
département,"Gabrias.html"
here,"Enayetpur.html"
article,"Enayetpur.html,Gabrias.html"
Lozère,"Gabrias.html"
by,"Enayetpur.html,Gabrias.html"
improve,"Enayetpur.html"
AND,"Enayetpur.html"
Among,"Enayetpur.html"
c,"Enayetpur.html,Gabrias.html"
providing,"Enayetpur.html"
last,"Enayetpur.html,Gabrias.html"
33,"Gabrias.html"
of,"Enayetpur.html,Gabrias.html"
Views,"Enayetpur.html,Gabrias.html"
34,"Gabrias.html"
stub,"Gabrias.html"
s,"Enayetpur.html,Gabrias.html"
383,"Gabrias.html"
ArticleDiscussionCurrent,"Enayetpur.html,Gabrias.html"
passing,"Enayetpur.html"
whole,"Enayetpur.html"
or,"Enayetpur.html"
Contents,"Enayetpur.html,Gabrias.html"
handloom,"Enayetpur.html"
named,"Enayetpur.html"
Waliduet,"Enayetpur.html"
Jamuna,"Enayetpur.html"
trademark,"Enayetpur.html,Gabrias.html"
Olivier,"Gabrias.html"
Please,"Enayetpur.html"
Languages,"Gabrias.html"
references,"Enayetpur.html"
Free,"Enayetpur.html,Gabrias.html"
female,"Enayetpur.html"
Shah,"Enayetpur.html"
Donate,"Enayetpur.html,Gabrias.html"
from,"Enayetpur.html"
district,"Enayetpur.html"
23,"Gabrias.html"
hospital,"Enayetpur.html"
people,"Enayetpur.html"
June,"Enayetpur.html,Gabrias.html"
Yunus,"Enayetpur.html"
Most,"Enayetpur.html"
citations,"Enayetpur.html"
saint,"Enayetpur.html"
7ECommon,"Enayetpur.html,Gabrias.html"
was,"Enayetpur.html,Gabrias.html"
cite,"Enayetpur.html"
Cebuano,"Gabrias.html"
Recent,"Enayetpur.html,Gabrias.html"
Search,"Enayetpur.html,Gabrias.html"
October,"Enayetpur.html"
GNU,"Enayetpur.html,Gabrias.html"
Anonymous,"Enayetpur.html"
on,"Enayetpur.html,Gabrias.html"
some,"Enayetpur.html"
registered,"Enayetpur.html,Gabrias.html"
villages,"Enayetpur.html"
N,"Gabrias.html"
commune,"Gabrias.html"
part,"Enayetpur.html"
Shoeofdeath,"Gabrias.html"
removed,"Enayetpur.html"
with,"Enayetpur.html"
charity,"Enayetpur.html,Gabrias.html"
town,"Gabrias.html"
Gabrias,"Gabrias.html"
has,"Enayetpur.html"
15,"Enayetpur.html"
Rupnai,"Enayetpur.html"
ALI,"Enayetpur.html"
this,"Enayetpur.html"
reliable,"Enayetpur.html"
work,"Enayetpur.html,Gabrias.html"
Español,"Gabrias.html"
modified,"Enayetpur.html,Gabrias.html"
Italiano,"Gabrias.html"
Featured,"Enayetpur.html,Gabrias.html"
can,"Gabrias.html"
CDATA,"Enayetpur.html,Gabrias.html"
country,"Enayetpur.html"
male,"Enayetpur.html"
Inc,"Enayetpur.html,Gabrias.html"
and,"Enayetpur.html,Gabrias.html"
isMSIE55,"Enayetpur.html,Gabrias.html"
Blanchardb,"Enayetpur.html"
DumZiBoT,"Gabrias.html"
expanding,"Gabrias.html"
is,"Enayetpur.html,Gabrias.html"
HOSPITAL,"Enayetpur.html"
tax,"Enayetpur.html,Gabrias.html"
it,"Enayetpur.html,Gabrias.html"
an,"Enayetpur.html"
Current,"Enayetpur.html,Gabrias.html"
raw,"Enayetpur.html,Gabrias.html"
as,"Enayetpur.html"
in,"Gabrias.html"
Hidden,"Enayetpur.html"
Main,"Enayetpur.html,Gabrias.html"
dress,"Enayetpur.html"
any,"Enayetpur.html"
if,"Enayetpur.html,Gabrias.html"
Français,"Gabrias.html"
44,"Gabrias.html"
SmackBot,"Enayetpur.html"
41,"Enayetpur.html"
beside,"Enayetpur.html"
Islamic,"Enayetpur.html"
other,"Enayetpur.html"
Communes,"Gabrias.html"
details,"Enayetpur.html,Gabrias.html"
which,"Enayetpur.html"
events,"Enayetpur.html,Gabrias.html"
css,"Enayetpur.html,Gabrias.html"
revision,"Enayetpur.html,Gabrias.html"
Articles,"Enayetpur.html"
About,"Enayetpur.html,Gabrias.html"
SkierRMH,"Enayetpur.html"
E,"Gabrias.html"
License,"Enayetpur.html,Gabrias.html"
may,"Enayetpur.html"
2008,"Enayetpur.html,Gabrias.html"
southern,"Gabrias.html"
sharees,"Enayetpur.html"
Volapük,"Gabrias.html"
1,"Gabrias.html"
portal,"Enayetpur.html,Gabrias.html"
user,"Enayetpur.html,Gabrias.html"
Gopinathpur,"Enayetpur.html"
fixalpha,"Enayetpur.html,Gabrias.html"
services,"Enayetpur.html"
The,"Enayetpur.html,Gabrias.html"
U,"Enayetpur.html,Gabrias.html"
Page,"Enayetpur.html,Gabrias.html"
a,"Enayetpur.html,Gabrias.html"
All,"Enayetpur.html,Gabrias.html"
04,"Gabrias.html"
Ali,"Enayetpur.html"
Khaja,"Enayetpur.html"
changes,"Enayetpur.html,Gabrias.html"
well,"Enayetpur.html"
Community,"Enayetpur.html,Gabrias.html"
Wikimedia,"Enayetpur.html,Gabrias.html"
encyclopedia,"Enayetpur.html,Gabrias.html"
2007,"Enayetpur.html"
the,"Enayetpur.html,Gabrias.html"
12,"Enayetpur.html"
You,"Gabrias.html"
latest,"Enayetpur.html"
